{
    "train": {
        "f1": 0.9427497789566756,
        "recall": 0.9329395956376363,
        "precision": 0.9527684697622467,
        "accuracy": 0.94334375
    },
    "test": {
        "f1": 0.9434724941577718,
        "recall": 0.9337417177147144,
        "precision": 0.9534082205769722,
        "accuracy": 0.9440625
    }
}
